INSERT INTO Book (bid, title, price, category) VALUES 
('b001', 'Little Prince', 20, 'Fiction'),
('b002', 'Physics', 201, 'Science'),
('b003', 'Mechanics', 100, 'Engineering'),
('b004', 'Mechanics', 10, 'Engineering'),
('b005', 'Chemical Engineering', 110, 'Engineering'),
('b006', 'The Martian', 200, 'Engineering'),
('b007', 'A Fall of Moondust', 50, 'Engineering'),
('b008', 'Blue Mars', 220, 'Engineering'),
('b009', 'Fimbulwinter', 150, 'Engineering'),
('b010', 'Smarter', 20, 'Engineering'),
('b011', 'The Hunger Games', 120, 'Fiction'),
('b012', 'To Kill a Mockingbird', 220, 'Fiction'),
('b013', 'Pride and Prejudice', 320, 'Fiction'),
('b014', 'Twilight', 150, 'Fiction'),
('b015', 'The Book Thief', 110, 'Fiction'),
('b016', 'Animal Farm', 100, 'Fiction'),
('b017', 'A Brief History of Time', 301, 'Science'),
('b018', 'Cosmos', 201, 'Science'),
('b019', 'The Selfish Gene', 251, 'Science'),
('b020', 'The God Delusion', 101, 'Science'),
('b021', 'The Universe in a Nutshell', 205, 'Science'),
('b022', 'Thinking, Fast and Slow', 201, 'Science'),
('b023', 'Last Chance to See', 410, 'Science'),
('b024', 'How the Mind Works', 207, 'Science'),
('b025', 'The Giving Tree', 120, 'Fiction'),
('b026', 'Wuthering Heights', 21, 'Fiction'),
('b027', 'Updraft', 120, 'Engineering'),
('b028', 'The Cross-Time Engineer', 100, 'Engineering'),
('b029', 'The Diversity of Life', 232, 'Science'),
('b030', 'Man and His Symbols', 211, 'Science');

INSERT INTO Address (id, street, province, country, zip, phone) VALUES 
(1, '123 Yonge St', 'ON', 'Canada', 'K1E 6T5' ,'647-123-4567'),
(2, '445 Avenue rd', 'ON', 'Canada', 'M1C 6K5' ,'416-123-8569'),
(3, '789 Keele St.', 'ON', 'Canada', 'K3C 9T5' ,'416-123-9568'),
(4, '123 Finch Ave.', 'ON', 'Canada', 'M1F 2L0', '123-465-3423'),
(5, '123 Finch Ave.', 'ON', 'Canada', 'M1F 2L0', '123-465-3423');

INSERT INTO Customer (uid, username, password, lname, fname) VALUES
(1, 'JohnW', 'John123', 'John', 'White'),
(2, 'PeterB', 'Peter123', 'Peter', 'Black'),
(3, 'AndyG', 'Andy123', 'Andy', 'Green'),
(4, 'JamesH', 'James123', 'James', 'Hao'),
(5, 'viguple', 'decupleviguple', 'Dan', 'Hao');

INSERT INTO PO (id, status, address, uid) VALUES 
(1, 'Ordered', 5, 5),
(2, 'Denied', 5, 5),
(3, 'Denied', 4, 4),
(4, 'Processed', 1, 1),
(5, 'Ordered', 1, 1),
(6, 'Ordered', 2, 2),
(7, 'Processed', 4, 4),
(8, 'Ordered', 1, 1),
(9, 'Processed', 4, 4),
(10, 'Denied', 3, 3),
(11, 'Denied', 3, 3),
(12, 'Processed', 5, 5),
(13, 'Processed', 2, 2),
(14, 'Ordered', 5, 5),
(15, 'Denied', 2, 2),
(16, 'Processed', 5, 5),
(17, 'Denied', 1, 1),
(18, 'Processed', 1, 1),
(19, 'Processed', 3, 3),
(20, 'Ordered', 1, 1),
(21, 'Denied', 3, 3),
(22, 'Denied', 5, 5),
(23, 'Processed', 2, 2),
(24, 'Denied', 5, 5),
(25, 'Processed', 2, 2),
(26, 'Processed', 3, 3),
(27, 'Denied', 2, 2),
(28, 'Denied', 5, 5),
(29, 'Ordered', 5, 5),
(30, 'Ordered', 2, 2),
(31, 'Denied', 2, 2),
(32, 'Ordered', 1, 1),
(33, 'Denied', 2, 2),
(34, 'Processed', 5, 5),
(35, 'Denied', 2, 2),
(36, 'Processed', 3, 3),
(37, 'Ordered', 1, 1),
(38, 'Ordered', 1, 1),
(39, 'Ordered', 4, 4),
(40, 'Denied', 3, 3),
(41, 'Ordered', 2, 2),
(42, 'Ordered', 5, 5),
(43, 'Denied', 1, 1),
(44, 'Ordered', 3, 3),
(45, 'Processed', 2, 2),
(46, 'Ordered', 5, 5),
(47, 'Processed', 5, 5),
(48, 'Processed', 1, 1),
(49, 'Denied', 3, 3),
(50, 'Ordered', 2, 2);

INSERT INTO POItem (id, bid, price, quantity) VALUES
(46, 'b017', 2408, 8),
(1, 'b017', 2107, 7),
(5, 'b011', 120, 1),
(10, 'b001', 20, 1),
(4, 'b005', 440, 4),
(10, 'b026', 168, 8),
(49, 'b014', 900, 6),
(2, 'b004', 70, 7),
(27, 'b021', 615, 3),
(47, 'b007', 150, 3),
(9, 'b006', 1800, 9),
(43, 'b028', 400, 4),
(27, 'b006', 1800, 9),
(12, 'b016', 900, 9),
(21, 'b024', 1242, 6),
(9, 'b020', 202, 2),
(14, 'b003', 400, 4),
(27, 'b010', 60, 3),
(32, 'b015', 1100, 10),
(5, 'b006', 1800, 9),
(25, 'b011', 600, 5),
(46, 'b023', 820, 2),
(15, 'b003', 600, 6),
(1, 'b002', 1608, 8),
(24, 'b014', 900, 6),
(47, 'b026', 210, 10),
(11, 'b010', 20, 1),
(36, 'b025', 120, 1),
(21, 'b004', 60, 6),
(21, 'b019', 753, 3),
(9, 'b029', 1160, 5),
(40, 'b030', 844, 4),
(11, 'b022', 804, 4),
(2, 'b014', 900, 6),
(45, 'b025', 960, 8),
(31, 'b010', 20, 1),
(2, 'b006', 800, 4),
(44, 'b005', 110, 1),
(10, 'b015', 330, 3),
(24, 'b008', 660, 3),
(14, 'b012', 1320, 6),
(33, 'b014', 1500, 10),
(31, 'b011', 120, 1),
(21, 'b030', 2110, 10),
(5, 'b023', 2460, 6),
(50, 'b005', 220, 2),
(10, 'b024', 207, 1),
(12, 'b014', 600, 4),
(50, 'b028', 600, 6),
(42, 'b007', 500, 10),
(14, 'b018', 402, 2),
(2, 'b021', 820, 4),
(19, 'b012', 1540, 7),
(29, 'b025', 480, 4),
(19, 'b020', 808, 8),
(37, 'b010', 180, 9),
(5, 'b004', 100, 10),
(35, 'b021', 205, 1),
(7, 'b025', 240, 2),
(47, 'b016', 900, 9),
(2, 'b010', 40, 2),
(7, 'b021', 1025, 5),
(13, 'b008', 440, 2),
(30, 'b006', 800, 4),
(39, 'b016', 1000, 10),
(37, 'b008', 1100, 5),
(43, 'b005', 880, 8),
(27, 'b028', 400, 4),
(42, 'b029', 928, 4),
(28, 'b009', 1050, 7),
(43, 'b022', 402, 2),
(44, 'b010', 80, 4),
(44, 'b027', 600, 5),
(11, 'b009', 1500, 10),
(20, 'b001', 100, 5),
(47, 'b009', 600, 4),
(38, 'b022', 201, 1),
(25, 'b019', 1506, 6),
(11, 'b021', 1025, 5),
(8, 'b005', 330, 3),
(14, 'b027', 960, 8),
(36, 'b008', 1320, 6),
(12, 'b001', 60, 3),
(27, 'b012', 2200, 10),
(21, 'b014', 1350, 9),
(12, 'b022', 402, 2),
(28, 'b008', 1540, 7),
(33, 'b030', 211, 1),
(45, 'b016', 100, 1),
(3, 'b003', 800, 8),
(46, 'b012', 440, 2),
(19, 'b029', 1856, 8),
(41, 'b030', 844, 4),
(45, 'b026', 126, 6),
(32, 'b024', 1863, 9),
(16, 'b014', 1500, 10),
(33, 'b019', 1506, 6),
(38, 'b012', 440, 2),
(49, 'b009', 1200, 8),
(11, 'b008', 1540, 7),
(9, 'b017', 903, 3),
(39, 'b027', 840, 7),
(27, 'b022', 1809, 9),
(34, 'b005', 880, 8),
(10, 'b025', 360, 3),
(37, 'b017', 2408, 8),
(28, 'b019', 1506, 6),
(17, 'b010', 120, 6),
(34, 'b004', 50, 5),
(39, 'b028', 300, 3),
(40, 'b005', 550, 5),
(42, 'b020', 1010, 10),
(5, 'b016', 300, 3),
(12, 'b027', 1200, 10),
(22, 'b001', 200, 10),
(35, 'b004', 90, 9),
(45, 'b020', 707, 7),
(36, 'b019', 2008, 8),
(1, 'b003', 400, 4),
(4, 'b007', 250, 5),
(14, 'b002', 1407, 7),
(24, 'b027', 1200, 10),
(25, 'b006', 600, 3),
(35, 'b003', 200, 2),
(35, 'b020', 101, 1),
(29, 'b015', 880, 8),
(28, 'b028', 200, 2),
(19, 'b007', 350, 7),
(32, 'b013', 3200, 10),
(13, 'b017', 903, 3),
(6, 'b003', 800, 8),
(22, 'b015', 660, 6),
(19, 'b014', 1050, 7),
(6, 'b016', 1000, 10),
(2, 'b005', 220, 2),
(41, 'b024', 828, 4),
(26, 'b015', 110, 1),
(24, 'b017', 301, 1),
(41, 'b006', 800, 4),
(9, 'b007', 100, 2),
(9, 'b022', 804, 4),
(50, 'b019', 2259, 9),
(5, 'b024', 1035, 5),
(6, 'b008', 440, 2),
(16, 'b006', 2000, 10),
(18, 'b023', 3690, 9),
(8, 'b009', 1050, 7),
(8, 'b030', 633, 3),
(36, 'b026', 21, 1),
(16, 'b019', 1255, 5),
(35, 'b002', 1608, 8),
(28, 'b017', 1204, 4),
(47, 'b001', 80, 4),
(44, 'b008', 1540, 7),
(1, 'b027', 1200, 10),
(7, 'b019', 753, 3),
(42, 'b006', 1200, 6),
(42, 'b014', 1500, 10),
(37, 'b002', 1608, 8),
(17, 'b012', 220, 1),
(10, 'b006', 400, 2),
(22, 'b018', 1809, 9),
(25, 'b010', 180, 9),
(48, 'b001', 60, 3),
(17, 'b008', 1760, 8),
(44, 'b012', 1100, 5),
(12, 'b008', 880, 4),
(25, 'b029', 1392, 6),
(46, 'b028', 1000, 10),
(23, 'b029', 1392, 6),
(6, 'b007', 50, 1),
(24, 'b028', 200, 2),
(33, 'b018', 201, 1),
(48, 'b020', 404, 4),
(5, 'b009', 300, 2),
(43, 'b025', 480, 4),
(14, 'b009', 900, 6),
(4, 'b001', 160, 8),
(13, 'b027', 240, 2),
(4, 'b024', 1242, 6),
(18, 'b018', 1407, 7),
(23, 'b016', 500, 5),
(25, 'b002', 402, 2),
(8, 'b008', 880, 4),
(29, 'b004', 90, 9),
(5, 'b012', 1540, 7),
(41, 'b022', 1005, 5),
(45, 'b001', 160, 8),
(50, 'b024', 1242, 6),
(33, 'b002', 1005, 5),
(45, 'b028', 200, 2),
(37, 'b012', 880, 4),
(39, 'b022', 1005, 5),
(13, 'b025', 120, 1),
(17, 'b011', 840, 7),
(36, 'b021', 615, 3),
(49, 'b030', 422, 2),
(25, 'b001', 20, 1),
(34, 'b010', 200, 10),
(30, 'b018', 1206, 6),
(41, 'b020', 808, 8),
(28, 'b001', 100, 5),
(5, 'b013', 2560, 8),
(38, 'b009', 150, 1),
(6, 'b022', 201, 1),
(6, 'b019', 2510, 10),
(41, 'b021', 1640, 8),
(33, 'b020', 909, 9),
(15, 'b025', 1080, 9),
(20, 'b002', 1608, 8),
(28, 'b004', 30, 3),
(13, 'b002', 1005, 5),
(47, 'b011', 840, 7),
(40, 'b013', 1280, 4),
(42, 'b002', 1407, 7),
(21, 'b018', 1809, 9),
(16, 'b020', 202, 2),
(40, 'b004', 100, 10),
(30, 'b003', 300, 3),
(36, 'b028', 500, 5),
(7, 'b002', 603, 3),
(42, 'b004', 30, 3),
(38, 'b030', 211, 1),
(36, 'b010', 40, 2),
(19, 'b006', 600, 3),
(46, 'b025', 720, 6),
(17, 'b015', 770, 7),
(29, 'b010', 200, 10),
(8, 'b028', 300, 3),
(50, 'b013', 3200, 10),
(20, 'b026', 63, 3),
(37, 'b027', 960, 8),
(37, 'b030', 211, 1),
(11, 'b006', 1400, 7),
(37, 'b003', 700, 7),
(14, 'b030', 1899, 9),
(24, 'b003', 1000, 10),
(45, 'b019', 1004, 4),
(3, 'b008', 220, 1),
(13, 'b016', 200, 2),
(27, 'b003', 300, 3),
(27, 'b027', 480, 4),
(18, 'b002', 603, 3),
(3, 'b017', 1505, 5),
(5, 'b001', 80, 4),
(3, 'b002', 1809, 9),
(49, 'b004', 60, 6),
(31, 'b004', 70, 7),
(14, 'b014', 900, 6),
(18, 'b010', 100, 5),
(23, 'b001', 200, 10),
(46, 'b027', 1080, 9),
(46, 'b013', 1920, 6),
(14, 'b008', 1540, 7),
(41, 'b002', 1608, 8),
(46, 'b003', 600, 6),
(19, 'b011', 840, 7),
(5, 'b026', 168, 8),
(18, 'b003', 100, 1),
(17, 'b030', 422, 2),
(21, 'b016', 900, 9),
(28, 'b011', 600, 5),
(48, 'b024', 2070, 10),
(24, 'b029', 928, 4),
(32, 'b008', 1980, 9),
(10, 'b009', 750, 5),
(2, 'b011', 720, 6),
(25, 'b008', 1540, 7),
(2, 'b017', 903, 3),
(41, 'b011', 240, 2),
(25, 'b027', 720, 6),
(41, 'b012', 1100, 5),
(37, 'b018', 804, 4),
(21, 'b006', 600, 3),
(49, 'b027', 480, 4),
(48, 'b007', 300, 6),
(49, 'b017', 301, 1),
(49, 'b021', 2050, 10),
(16, 'b030', 211, 1),
(12, 'b003', 900, 9),
(26, 'b008', 1540, 7),
(32, 'b011', 960, 8),
(23, 'b013', 2880, 9),
(36, 'b011', 960, 8),
(38, 'b006', 1800, 9),
(30, 'b012', 1540, 7),
(42, 'b005', 990, 9),
(25, 'b021', 2050, 10),
(34, 'b029', 232, 1),
(15, 'b008', 1540, 7),
(44, 'b030', 1266, 6),
(14, 'b004', 10, 1),
(35, 'b001', 180, 9),
(27, 'b004', 100, 10),
(24, 'b006', 200, 1),
(42, 'b016', 700, 7),
(30, 'b016', 800, 8),
(49, 'b013', 2560, 8),
(43, 'b011', 600, 5),
(5, 'b019', 1506, 6),
(45, 'b002', 2010, 10),
(25, 'b003', 900, 9),
(18, 'b026', 21, 1),
(12, 'b010', 160, 8),
(38, 'b001', 160, 8),
(50, 'b001', 200, 10),
(44, 'b015', 110, 1),
(9, 'b009', 900, 6),
(20, 'b007', 300, 6),
(14, 'b001', 80, 4),
(12, 'b004', 100, 10),
(39, 'b019', 2510, 10),
(2, 'b009', 1050, 7),
(41, 'b017', 602, 2),
(10, 'b018', 1005, 5),
(44, 'b003', 1000, 10),
(48, 'b009', 1050, 7),
(29, 'b023', 2050, 5),
(12, 'b026', 210, 10),
(1, 'b025', 840, 7),
(50, 'b025', 720, 6),
(5, 'b010', 120, 6),
(34, 'b003', 700, 7),
(35, 'b011', 840, 7),
(4, 'b011', 960, 8),
(17, 'b013', 2560, 8),
(9, 'b026', 84, 4),
(27, 'b024', 414, 2),
(28, 'b025', 600, 5),
(14, 'b019', 753, 3),
(12, 'b005', 1100, 10),
(33, 'b008', 1320, 6),
(4, 'b008', 880, 4),
(39, 'b004', 10, 1);

INSERT INTO VisitEvent (day, bid, eventtype) VALUES 
('20170104', 'b015', 'VIEW'),
('20160720', 'b027', 'VIEW'),
('20161229', 'b017', 'VIEW'),
('20170522', 'b028', 'VIEW'),
('20161025', 'b014', 'VIEW'),
('20160621', 'b020', 'CART'),
('20170427', 'b023', 'CART'),
('20160622', 'b009', 'PURCHASE'),
('20170209', 'b027', 'CART'),
('20170410', 'b014', 'CART'),
('20161129', 'b024', 'PURCHASE'),
('20170911', 'b021', 'CART'),
('20160307', 'b011', 'CART'),
('20161028', 'b030', 'VIEW'),
('20160909', 'b002', 'PURCHASE'),
('20170207', 'b015', 'VIEW'),
('20170422', 'b011', 'VIEW'),
('20150526', 'b026', 'VIEW'),
('20160529', 'b021', 'VIEW'),
('20151230', 'b029', 'CART'),
('20150409', 'b021', 'CART'),
('20150104', 'b022', 'CART'),
('20150913', 'b030', 'VIEW'),
('20171124', 'b010', 'CART'),
('20170525', 'b029', 'CART'),
('20170925', 'b018', 'PURCHASE'),
('20150830', 'b020', 'PURCHASE'),
('20170607', 'b003', 'VIEW'),
('20170626', 'b011', 'VIEW'),
('20170718', 'b029', 'PURCHASE'),
('20160821', 'b001', 'PURCHASE'),
('20161023', 'b002', 'VIEW'),
('20160427', 'b020', 'VIEW'),
('20170423', 'b026', 'CART'),
('20171123', 'b014', 'CART'),
('20160418', 'b020', 'VIEW'),
('20160806', 'b009', 'CART'),
('20160401', 'b012', 'PURCHASE'),
('20170228', 'b029', 'CART'),
('20161217', 'b013', 'CART'),
('20160903', 'b024', 'CART'),
('20170209', 'b012', 'PURCHASE'),
('20170923', 'b001', 'VIEW'),
('20160623', 'b022', 'PURCHASE'),
('20150213', 'b001', 'VIEW'),
('20170212', 'b009', 'CART'),
('20160727', 'b002', 'VIEW'),
('20160120', 'b020', 'VIEW'),
('20150227', 'b007', 'PURCHASE'),
('20170903', 'b029', 'VIEW'),
('20170218', 'b006', 'VIEW'),
('20151125', 'b024', 'PURCHASE'),
('20171105', 'b015', 'CART'),
('20170106', 'b020', 'CART'),
('20160415', 'b015', 'VIEW'),
('20160805', 'b016', 'VIEW'),
('20151023', 'b009', 'PURCHASE'),
('20160616', 'b030', 'PURCHASE'),
('20150511', 'b018', 'CART'),
('20171225', 'b019', 'VIEW'),
('20170417', 'b008', 'CART'),
('20160620', 'b029', 'PURCHASE'),
('20160509', 'b020', 'CART'),
('20150408', 'b026', 'CART'),
('20160703', 'b016', 'PURCHASE'),
('20160711', 'b017', 'CART'),
('20171020', 'b006', 'VIEW'),
('20170427', 'b016', 'VIEW'),
('20150416', 'b006', 'CART'),
('20150926', 'b027', 'CART'),
('20160721', 'b016', 'PURCHASE'),
('20171216', 'b021', 'PURCHASE'),
('20171018', 'b029', 'CART'),
('20160602', 'b001', 'CART'),
('20160822', 'b019', 'VIEW'),
('20170927', 'b014', 'PURCHASE'),
('20170816', 'b010', 'VIEW'),
('20160619', 'b001', 'PURCHASE'),
('20160129', 'b002', 'VIEW'),
('20160723', 'b026', 'PURCHASE'),
('20160731', 'b004', 'VIEW'),
('20151221', 'b016', 'PURCHASE'),
('20170519', 'b004', 'PURCHASE'),
('20150104', 'b018', 'CART'),
('20160206', 'b010', 'PURCHASE'),
('20161029', 'b015', 'PURCHASE'),
('20150412', 'b008', 'CART'),
('20160406', 'b013', 'PURCHASE'),
('20150610', 'b018', 'CART'),
('20170328', 'b013', 'VIEW'),
('20150629', 'b006', 'PURCHASE'),
('20160509', 'b018', 'CART'),
('20170816', 'b010', 'CART'),
('20171117', 'b029', 'PURCHASE'),
('20170831', 'b020', 'CART'),
('20161123', 'b015', 'PURCHASE'),
('20161024', 'b008', 'PURCHASE'),
('20160428', 'b015', 'VIEW'),
('20171014', 'b005', 'CART'),
('20160913', 'b019', 'PURCHASE'),
('20150808', 'b008', 'PURCHASE'),
('20160315', 'b020', 'CART'),
('20151125', 'b026', 'PURCHASE'),
('20160607', 'b026', 'PURCHASE'),
('20170703', 'b030', 'PURCHASE'),
('20160107', 'b013', 'VIEW'),
('20161228', 'b015', 'CART'),
('20150201', 'b018', 'PURCHASE'),
('20150603', 'b012', 'VIEW'),
('20170110', 'b024', 'VIEW'),
('20150227', 'b026', 'VIEW'),
('20151220', 'b015', 'CART'),
('20170102', 'b027', 'VIEW'),
('20150804', 'b025', 'PURCHASE'),
('20160309', 'b022', 'PURCHASE'),
('20150202', 'b017', 'CART'),
('20170219', 'b006', 'CART'),
('20150405', 'b026', 'VIEW'),
('20150517', 'b009', 'CART'),
('20171201', 'b011', 'VIEW'),
('20160113', 'b009', 'CART'),
('20170531', 'b004', 'VIEW'),
('20160623', 'b007', 'VIEW'),
('20171110', 'b010', 'VIEW'),
('20170507', 'b021', 'CART'),
('20150523', 'b024', 'CART'),
('20160126', 'b024', 'VIEW'),
('20151031', 'b024', 'VIEW'),
('20160102', 'b016', 'CART'),
('20160316', 'b029', 'CART'),
('20151026', 'b009', 'PURCHASE'),
('20160413', 'b022', 'PURCHASE'),
('20160121', 'b004', 'CART'),
('20160427', 'b016', 'VIEW'),
('20170120', 'b005', 'CART'),
('20150101', 'b016', 'CART'),
('20160110', 'b022', 'PURCHASE'),
('20150719', 'b002', 'VIEW'),
('20160919', 'b004', 'PURCHASE'),
('20150108', 'b028', 'CART'),
('20151202', 'b003', 'PURCHASE'),
('20161126', 'b001', 'CART'),
('20150828', 'b014', 'PURCHASE'),
('20161118', 'b015', 'CART'),
('20160622', 'b005', 'VIEW'),
('20160723', 'b004', 'PURCHASE'),
('20161122', 'b007', 'PURCHASE'),
('20160708', 'b028', 'CART'),
('20150721', 'b027', 'PURCHASE'),
('20150602', 'b010', 'VIEW'),
('20150622', 'b006', 'VIEW'),
('20150810', 'b005', 'VIEW'),
('20151229', 'b021', 'CART'),
('20151227', 'b011', 'CART'),
('20170605', 'b016', 'CART'),
('20160108', 'b012', 'CART'),
('20170402', 'b009', 'PURCHASE'),
('20170510', 'b007', 'PURCHASE'),
('20160428', 'b026', 'PURCHASE'),
('20170223', 'b003', 'CART'),
('20160130', 'b003', 'VIEW'),
('20150424', 'b013', 'PURCHASE'),
('20150317', 'b009', 'VIEW'),
('20150703', 'b026', 'PURCHASE'),
('20151009', 'b028', 'CART'),
('20170814', 'b009', 'CART'),
('20151117', 'b025', 'PURCHASE'),
('20160603', 'b014', 'VIEW'),
('20150423', 'b030', 'VIEW'),
('20170414', 'b001', 'PURCHASE'),
('20171204', 'b019', 'CART'),
('20160318', 'b013', 'PURCHASE'),
('20170905', 'b009', 'CART'),
('20160905', 'b014', 'CART'),
('20170110', 'b018', 'PURCHASE'),
('20150916', 'b010', 'CART'),
('20170831', 'b012', 'CART'),
('20150609', 'b024', 'PURCHASE'),
('20170116', 'b014', 'VIEW'),
('20170227', 'b028', 'CART'),
('20170422', 'b003', 'PURCHASE'),
('20170406', 'b019', 'PURCHASE'),
('20170919', 'b021', 'CART'),
('20160725', 'b007', 'VIEW'),
('20160530', 'b025', 'PURCHASE'),
('20170826', 'b002', 'CART'),
('20170107', 'b016', 'CART'),
('20150316', 'b027', 'VIEW'),
('20161202', 'b015', 'CART'),
('20160619', 'b028', 'CART'),
('20170102', 'b008', 'VIEW'),
('20150717', 'b017', 'PURCHASE'),
('20160428', 'b024', 'PURCHASE'),
('20170308', 'b019', 'VIEW'),
('20150320', 'b001', 'PURCHASE'),
('20160809', 'b023', 'PURCHASE'),
('20160829', 'b002', 'PURCHASE'),
('20171014', 'b023', 'PURCHASE'),
('20150703', 'b030', 'PURCHASE'),
('20170508', 'b011', 'VIEW'),
('20151215', 'b016', 'VIEW'),
('20151208', 'b007', 'VIEW'),
('20160730', 'b017', 'PURCHASE'),
('20150622', 'b014', 'PURCHASE'),
('20160904', 'b007', 'PURCHASE'),
('20170210', 'b018', 'CART'),
('20151007', 'b008', 'PURCHASE'),
('20151029', 'b023', 'CART'),
('20150928', 'b005', 'PURCHASE'),
('20170905', 'b011', 'VIEW'),
('20170514', 'b001', 'PURCHASE'),
('20160514', 'b015', 'VIEW'),
('20150113', 'b027', 'CART'),
('20160318', 'b018', 'CART'),
('20170828', 'b014', 'VIEW'),
('20161024', 'b023', 'CART'),
('20150102', 'b008', 'VIEW'),
('20150411', 'b020', 'VIEW'),
('20151102', 'b017', 'CART'),
('20170115', 'b013', 'CART'),
('20151030', 'b004', 'VIEW'),
('20170402', 'b007', 'CART'),
('20171109', 'b020', 'PURCHASE'),
('20170922', 'b005', 'CART'),
('20170304', 'b009', 'CART'),
('20160310', 'b029', 'PURCHASE'),
('20160401', 'b029', 'PURCHASE'),
('20170222', 'b019', 'VIEW'),
('20150606', 'b003', 'PURCHASE'),
('20161018', 'b019', 'PURCHASE'),
('20171002', 'b014', 'CART'),
('20160927', 'b003', 'PURCHASE'),
('20150216', 'b007', 'PURCHASE'),
('20171020', 'b020', 'VIEW'),
('20160927', 'b001', 'CART'),
('20160803', 'b016', 'VIEW'),
('20160912', 'b030', 'CART'),
('20150321', 'b002', 'PURCHASE'),
('20170718', 'b001', 'CART'),
('20160511', 'b020', 'PURCHASE'),
('20160822', 'b020', 'VIEW'),
('20150429', 'b021', 'VIEW'),
('20170827', 'b025', 'CART'),
('20150723', 'b008', 'CART'),
('20151213', 'b019', 'VIEW'),
('20150613', 'b030', 'VIEW'),
('20161103', 'b009', 'VIEW'),
('20170510', 'b015', 'VIEW'),
('20150828', 'b011', 'PURCHASE'),
('20170217', 'b021', 'PURCHASE'),
('20160818', 'b012', 'CART'),
('20151205', 'b023', 'PURCHASE'),
('20150120', 'b014', 'CART'),
('20170820', 'b027', 'VIEW'),
('20150317', 'b023', 'VIEW'),
('20160301', 'b007', 'CART'),
('20150607', 'b022', 'VIEW'),
('20170615', 'b027', 'CART'),
('20170211', 'b024', 'CART'),
('20160908', 'b026', 'CART'),
('20150928', 'b013', 'CART'),
('20170519', 'b023', 'CART'),
('20161101', 'b009', 'CART'),
('20150715', 'b004', 'PURCHASE'),
('20150819', 'b008', 'VIEW'),
('20160428', 'b012', 'PURCHASE'),
('20151110', 'b028', 'VIEW'),
('20170422', 'b004', 'PURCHASE'),
('20160923', 'b006', 'PURCHASE'),
('20150321', 'b009', 'PURCHASE'),
('20170304', 'b011', 'PURCHASE'),
('20171119', 'b005', 'CART'),
('20151204', 'b021', 'VIEW'),
('20160326', 'b003', 'VIEW'),
('20171203', 'b028', 'CART'),
('20170821', 'b024', 'PURCHASE'),
('20150219', 'b029', 'CART'),
('20170519', 'b012', 'VIEW'),
('20150430', 'b020', 'PURCHASE'),
('20160723', 'b007', 'VIEW'),
('20170306', 'b017', 'VIEW'),
('20160909', 'b009', 'PURCHASE'),
('20161215', 'b023', 'VIEW'),
('20160222', 'b028', 'PURCHASE'),
('20170618', 'b007', 'VIEW'),
('20150530', 'b027', 'VIEW'),
('20170925', 'b029', 'VIEW'),
('20160220', 'b029', 'PURCHASE'),
('20170518', 'b014', 'PURCHASE'),
('20161017', 'b010', 'CART'),
('20170717', 'b011', 'CART'),
('20170930', 'b017', 'PURCHASE'),
('20151203', 'b022', 'VIEW'),
('20151011', 'b021', 'CART'),
('20161222', 'b023', 'PURCHASE'),
('20150203', 'b015', 'CART'),
('20160330', 'b021', 'CART'),
('20170506', 'b027', 'VIEW'),
('20150329', 'b003', 'CART'),
('20150601', 'b017', 'VIEW'),
('20160815', 'b008', 'CART'),
('20160622', 'b030', 'PURCHASE'),
('20151112', 'b027', 'PURCHASE'),
('20170411', 'b029', 'PURCHASE'),
('20151106', 'b028', 'PURCHASE'),
('20161003', 'b011', 'PURCHASE'),
('20161229', 'b013', 'PURCHASE'),
('20150404', 'b008', 'CART'),
('20160909', 'b002', 'PURCHASE'),
('20160912', 'b019', 'VIEW'),
('20150123', 'b025', 'CART'),
('20160103', 'b020', 'VIEW'),
('20160421', 'b020', 'PURCHASE'),
('20160414', 'b008', 'VIEW'),
('20160822', 'b017', 'PURCHASE'),
('20170115', 'b005', 'PURCHASE'),
('20160904', 'b014', 'VIEW'),
('20151217', 'b012', 'CART'),
('20160913', 'b001', 'PURCHASE'),
('20160515', 'b004', 'CART'),
('20150825', 'b012', 'CART'),
('20161215', 'b008', 'CART'),
('20150531', 'b007', 'VIEW'),
('20151014', 'b002', 'PURCHASE'),
('20170116', 'b003', 'PURCHASE'),
('20171020', 'b017', 'CART'),
('20161108', 'b005', 'PURCHASE'),
('20150425', 'b028', 'CART'),
('20171202', 'b027', 'PURCHASE'),
('20160423', 'b019', 'VIEW'),
('20171210', 'b005', 'PURCHASE'),
('20171019', 'b001', 'PURCHASE'),
('20150321', 'b018', 'VIEW'),
('20150112', 'b003', 'PURCHASE'),
('20151107', 'b021', 'PURCHASE'),
('20170317', 'b014', 'PURCHASE'),
('20161209', 'b015', 'VIEW'),
('20150901', 'b006', 'VIEW'),
('20170522', 'b018', 'CART'),
('20150419', 'b017', 'PURCHASE'),
('20170107', 'b025', 'VIEW'),
('20170515', 'b003', 'VIEW'),
('20150317', 'b009', 'PURCHASE'),
('20170302', 'b006', 'VIEW'),
('20170115', 'b007', 'VIEW'),
('20150411', 'b007', 'PURCHASE'),
('20171123', 'b028', 'PURCHASE'),
('20170403', 'b017', 'VIEW'),
('20150907', 'b029', 'CART'),
('20151203', 'b017', 'PURCHASE'),
('20170203', 'b001', 'CART'),
('20150927', 'b014', 'PURCHASE'),
('20160829', 'b030', 'PURCHASE'),
('20170107', 'b019', 'VIEW'),
('20170731', 'b001', 'VIEW'),
('20160105', 'b016', 'VIEW'),
('20151226', 'b023', 'CART'),
('20171219', 'b015', 'PURCHASE'),
('20160501', 'b022', 'VIEW'),
('20160330', 'b003', 'PURCHASE'),
('20160127', 'b026', 'PURCHASE'),
('20161006', 'b023', 'CART'),
('20150222', 'b009', 'PURCHASE'),
('20160514', 'b015', 'VIEW'),
('20160501', 'b010', 'VIEW'),
('20170303', 'b011', 'PURCHASE'),
('20160713', 'b008', 'VIEW'),
('20150527', 'b021', 'VIEW'),
('20171128', 'b008', 'CART'),
('20170816', 'b004', 'CART'),
('20160531', 'b030', 'VIEW'),
('20151011', 'b024', 'PURCHASE'),
('20150120', 'b004', 'VIEW'),
('20161029', 'b028', 'PURCHASE'),
('20171003', 'b012', 'VIEW'),
('20151223', 'b017', 'VIEW'),
('20160402', 'b001', 'VIEW'),
('20170214', 'b030', 'PURCHASE'),
('20160202', 'b015', 'VIEW'),
('20160614', 'b029', 'VIEW'),
('20161019', 'b030', 'PURCHASE'),
('20160505', 'b022', 'PURCHASE'),
('20150121', 'b014', 'CART'),
('20160211', 'b020', 'CART'),
('20170301', 'b025', 'CART'),
('20160723', 'b016', 'CART'),
('20160906', 'b025', 'VIEW'),
('20170812', 'b030', 'CART'),
('20150630', 'b016', 'CART'),
('20161227', 'b017', 'PURCHASE'),
('20171001', 'b018', 'CART'),
('20171120', 'b006', 'CART'),
('20170824', 'b008', 'CART'),
('20170814', 'b015', 'VIEW'),
('20150902', 'b004', 'CART'),
('20170509', 'b012', 'PURCHASE'),
('20151122', 'b019', 'VIEW'),
('20170506', 'b027', 'PURCHASE'),
('20170725', 'b022', 'PURCHASE'),
('20160130', 'b020', 'CART'),
('20150708', 'b025', 'PURCHASE'),
('20150615', 'b029', 'VIEW'),
('20150312', 'b016', 'CART'),
('20170814', 'b024', 'VIEW'),
('20170615', 'b011', 'VIEW'),
('20150713', 'b007', 'VIEW'),
('20171012', 'b011', 'PURCHASE'),
('20150905', 'b027', 'VIEW'),
('20161006', 'b006', 'CART'),
('20170403', 'b019', 'VIEW'),
('20161106', 'b025', 'PURCHASE'),
('20170219', 'b005', 'VIEW'),
('20160504', 'b026', 'PURCHASE'),
('20170812', 'b006', 'VIEW'),
('20161026', 'b024', 'VIEW'),
('20151102', 'b029', 'PURCHASE'),
('20161021', 'b001', 'CART'),
('20151121', 'b011', 'VIEW'),
('20150418', 'b010', 'VIEW'),
('20170515', 'b017', 'VIEW'),
('20161113', 'b030', 'CART'),
('20160728', 'b018', 'VIEW'),
('20160123', 'b006', 'VIEW'),
('20170921', 'b015', 'CART'),
('20161128', 'b001', 'VIEW'),
('20171224', 'b007', 'PURCHASE'),
('20170205', 'b027', 'VIEW'),
('20171211', 'b012', 'CART'),
('20171231', 'b015', 'PURCHASE'),
('20170223', 'b021', 'CART'),
('20160608', 'b009', 'CART'),
('20160110', 'b014', 'CART'),
('20160222', 'b004', 'VIEW'),
('20170119', 'b025', 'PURCHASE'),
('20170329', 'b007', 'PURCHASE'),
('20170904', 'b001', 'VIEW'),
('20161102', 'b030', 'VIEW'),
('20160909', 'b012', 'CART'),
('20170617', 'b018', 'VIEW'),
('20150122', 'b008', 'VIEW'),
('20170802', 'b012', 'VIEW'),
('20151127', 'b013', 'PURCHASE'),
('20150428', 'b023', 'PURCHASE'),
('20170520', 'b024', 'VIEW'),
('20170213', 'b026', 'PURCHASE'),
('20170415', 'b002', 'VIEW'),
('20150919', 'b013', 'CART'),
('20171030', 'b006', 'PURCHASE'),
('20150203', 'b029', 'CART'),
('20160516', 'b003', 'CART'),
('20151119', 'b002', 'PURCHASE'),
('20170312', 'b028', 'CART'),
('20161024', 'b016', 'CART'),
('20161217', 'b001', 'VIEW'),
('20161227', 'b023', 'CART'),
('20150925', 'b030', 'PURCHASE'),
('20160411', 'b017', 'CART'),
('20160328', 'b008', 'VIEW'),
('20150416', 'b027', 'PURCHASE'),
('20150903', 'b013', 'CART'),
('20170520', 'b013', 'PURCHASE'),
('20160321', 'b023', 'CART'),
('20170530', 'b015', 'PURCHASE'),
('20170711', 'b016', 'CART'),
('20150705', 'b017', 'PURCHASE'),
('20150706', 'b018', 'PURCHASE'),
('20161023', 'b014', 'CART'),
('20160103', 'b006', 'CART'),
('20160922', 'b014', 'VIEW'),
('20160324', 'b023', 'CART'),
('20160412', 'b018', 'PURCHASE'),
('20170622', 'b021', 'VIEW'),
('20171214', 'b018', 'VIEW'),
('20160706', 'b012', 'CART'),
('20160915', 'b023', 'CART'),
('20170821', 'b009', 'VIEW'),
('20170811', 'b018', 'PURCHASE'),
('20170611', 'b018', 'PURCHASE'),
('20161014', 'b011', 'VIEW'),
('20160404', 'b014', 'CART'),
('20160129', 'b018', 'PURCHASE'),
('20150517', 'b022', 'CART'),
('20151022', 'b014', 'VIEW'),
('20161029', 'b012', 'CART'),
('20150702', 'b005', 'CART'),
('20160826', 'b004', 'VIEW'),
('20150530', 'b021', 'VIEW'),
('20150321', 'b020', 'PURCHASE'),
('20170118', 'b012', 'PURCHASE'),
('20150922', 'b010', 'VIEW'),
('20160419', 'b010', 'PURCHASE'),
('20170815', 'b002', 'PURCHASE'),
('20170108', 'b006', 'CART'),
('20160614', 'b012', 'CART'),
('20150417', 'b007', 'PURCHASE'),
('20171107', 'b016', 'PURCHASE'),
('20160604', 'b013', 'CART'),
('20170210', 'b013', 'PURCHASE'),
('20170609', 'b016', 'VIEW'),
('20151227', 'b028', 'PURCHASE'),
('20170319', 'b016', 'PURCHASE'),
('20170117', 'b022', 'PURCHASE'),
('20150609', 'b017', 'VIEW'),
('20160123', 'b006', 'CART'),
('20151216', 'b017', 'VIEW'),
('20150414', 'b024', 'PURCHASE'),
('20150427', 'b007', 'VIEW'),
('20150403', 'b021', 'VIEW'),
('20170303', 'b030', 'PURCHASE'),
('20150505', 'b004', 'VIEW'),
('20170409', 'b022', 'CART'),
('20160820', 'b013', 'CART'),
('20160108', 'b014', 'VIEW'),
('20151018', 'b024', 'PURCHASE'),
('20150117', 'b015', 'CART'),
('20160315', 'b025', 'PURCHASE'),
('20160327', 'b001', 'PURCHASE'),
('20151005', 'b010', 'PURCHASE'),
('20170922', 'b029', 'VIEW'),
('20150203', 'b019', 'VIEW'),
('20150405', 'b019', 'VIEW'),
('20170224', 'b028', 'VIEW'),
('20161225', 'b013', 'VIEW'),
('20160131', 'b001', 'VIEW'),
('20160524', 'b020', 'VIEW'),
('20170612', 'b026', 'CART'),
('20160704', 'b003', 'CART'),
('20170204', 'b029', 'PURCHASE'),
('20170705', 'b028', 'PURCHASE'),
('20151222', 'b005', 'PURCHASE'),
('20170222', 'b006', 'VIEW'),
('20170218', 'b023', 'PURCHASE'),
('20151016', 'b028', 'VIEW'),
('20161209', 'b008', 'PURCHASE'),
('20160526', 'b002', 'PURCHASE'),
('20160519', 'b017', 'CART'),
('20150318', 'b022', 'CART'),
('20171020', 'b009', 'PURCHASE'),
('20171125', 'b006', 'VIEW'),
('20151211', 'b023', 'VIEW'),
('20161222', 'b015', 'PURCHASE'),
('20170927', 'b005', 'CART'),
('20171216', 'b016', 'VIEW'),
('20150806', 'b026', 'VIEW'),
('20160430', 'b028', 'PURCHASE'),
('20161008', 'b028', 'VIEW'),
('20160919', 'b014', 'PURCHASE'),
('20160807', 'b018', 'VIEW'),
('20160616', 'b008', 'CART'),
('20170228', 'b023', 'PURCHASE'),
('20160723', 'b019', 'VIEW'),
('20151112', 'b007', 'CART'),
('20160713', 'b009', 'CART'),
('20170510', 'b008', 'VIEW'),
('20151026', 'b016', 'VIEW'),
('20161206', 'b027', 'PURCHASE'),
('20171202', 'b025', 'VIEW'),
('20161222', 'b021', 'PURCHASE'),
('20151031', 'b030', 'PURCHASE'),
('20150831', 'b026', 'PURCHASE'),
('20160609', 'b013', 'VIEW'),
('20160607', 'b020', 'VIEW'),
('20170716', 'b003', 'PURCHASE'),
('20161219', 'b018', 'CART'),
('20160214', 'b014', 'CART'),
('20160303', 'b020', 'CART'),
('20160803', 'b028', 'CART'),
('20161228', 'b014', 'CART'),
('20171224', 'b027', 'CART'),
('20160911', 'b004', 'VIEW'),
('20170912', 'b007', 'PURCHASE'),
('20171203', 'b003', 'VIEW'),
('20160303', 'b005', 'VIEW'),
('20170713', 'b029', 'CART'),
('20160208', 'b029', 'CART'),
('20150402', 'b009', 'VIEW'),
('20170822', 'b028', 'PURCHASE'),
('20160803', 'b012', 'VIEW'),
('20170514', 'b025', 'PURCHASE'),
('20150316', 'b020', 'CART'),
('20170316', 'b015', 'PURCHASE'),
('20150504', 'b018', 'VIEW'),
('20170513', 'b013', 'PURCHASE'),
('20170103', 'b004', 'CART'),
('20170803', 'b024', 'VIEW'),
('20160808', 'b014', 'VIEW'),
('20151028', 'b004', 'VIEW'),
('20150602', 'b005', 'PURCHASE'),
('20160715', 'b025', 'VIEW'),
('20151012', 'b023', 'VIEW'),
('20170802', 'b011', 'PURCHASE'),
('20160506', 'b009', 'VIEW'),
('20150712', 'b021', 'PURCHASE'),
('20160803', 'b025', 'PURCHASE'),
('20151108', 'b004', 'CART'),
('20150122', 'b009', 'CART'),
('20160908', 'b011', 'PURCHASE'),
('20150211', 'b015', 'CART'),
('20160922', 'b027', 'PURCHASE'),
('20170707', 'b017', 'CART'),
('20150518', 'b020', 'VIEW'),
('20160824', 'b010', 'VIEW'),
('20170730', 'b012', 'VIEW'),
('20151218', 'b024', 'VIEW'),
('20150708', 'b003', 'PURCHASE'),
('20150711', 'b006', 'VIEW'),
('20170608', 'b019', 'PURCHASE'),
('20160215', 'b014', 'PURCHASE'),
('20171112', 'b030', 'CART'),
('20150712', 'b028', 'CART'),
('20171019', 'b013', 'CART'),
('20151027', 'b017', 'CART'),
('20170729', 'b022', 'PURCHASE'),
('20160710', 'b028', 'CART'),
('20170924', 'b027', 'VIEW'),
('20151001', 'b014', 'CART'),
('20170618', 'b010', 'CART'),
('20160602', 'b020', 'CART'),
('20161019', 'b003', 'PURCHASE'),
('20150627', 'b002', 'CART'),
('20161028', 'b029', 'VIEW'),
('20150426', 'b022', 'PURCHASE'),
('20161017', 'b004', 'CART'),
('20150423', 'b020', 'PURCHASE'),
('20170222', 'b002', 'VIEW'),
('20161007', 'b015', 'CART'),
('20150106', 'b012', 'CART'),
('20160424', 'b012', 'VIEW'),
('20170220', 'b024', 'VIEW'),
('20150630', 'b003', 'PURCHASE'),
('20160203', 'b009', 'CART'),
('20150121', 'b012', 'VIEW'),
('20160908', 'b026', 'PURCHASE'),
('20150916', 'b029', 'CART'),
('20161114', 'b001', 'PURCHASE'),
('20160422', 'b007', 'PURCHASE'),
('20160119', 'b016', 'VIEW'),
('20160302', 'b026', 'VIEW'),
('20160301', 'b022', 'VIEW'),
('20160409', 'b009', 'PURCHASE'),
('20150722', 'b020', 'CART'),
('20160105', 'b014', 'CART'),
('20151007', 'b025', 'VIEW'),
('20171107', 'b028', 'CART'),
('20170114', 'b027', 'VIEW'),
('20150626', 'b009', 'CART'),
('20170811', 'b015', 'VIEW'),
('20171108', 'b010', 'PURCHASE'),
('20160816', 'b029', 'VIEW'),
('20170604', 'b024', 'VIEW'),
('20171224', 'b010', 'VIEW'),
('20160330', 'b002', 'CART'),
('20160430', 'b025', 'CART'),
('20150918', 'b016', 'PURCHASE'),
('20170423', 'b012', 'PURCHASE'),
('20170619', 'b026', 'PURCHASE'),
('20160304', 'b030', 'PURCHASE'),
('20151216', 'b023', 'CART'),
('20150909', 'b020', 'CART'),
('20161113', 'b016', 'CART'),
('20170306', 'b019', 'CART'),
('20160312', 'b029', 'CART'),
('20150826', 'b014', 'CART'),
('20170415', 'b004', 'VIEW'),
('20160318', 'b004', 'PURCHASE'),
('20150623', 'b003', 'CART'),
('20150708', 'b025', 'PURCHASE'),
('20170813', 'b023', 'CART'),
('20170403', 'b026', 'PURCHASE'),
('20170901', 'b017', 'CART'),
('20160315', 'b026', 'VIEW'),
('20170705', 'b018', 'PURCHASE'),
('20151014', 'b026', 'PURCHASE'),
('20151210', 'b006', 'VIEW'),
('20151119', 'b012', 'CART'),
('20170922', 'b017', 'CART'),
('20160215', 'b017', 'VIEW'),
('20171214', 'b006', 'CART'),
('20160225', 'b017', 'CART'),
('20160303', 'b024', 'PURCHASE'),
('20160806', 'b021', 'CART'),
('20160924', 'b013', 'VIEW'),
('20160720', 'b016', 'VIEW'),
('20150704', 'b004', 'CART'),
('20170111', 'b013', 'CART'),
('20150527', 'b019', 'CART'),
('20171023', 'b019', 'PURCHASE'),
('20171021', 'b012', 'CART'),
('20160222', 'b004', 'VIEW'),
('20150513', 'b029', 'PURCHASE'),
('20151125', 'b007', 'VIEW'),
('20160920', 'b024', 'PURCHASE'),
('20161214', 'b002', 'VIEW'),
('20170728', 'b016', 'CART'),
('20171009', 'b002', 'VIEW'),
('20170911', 'b021', 'VIEW'),
('20160923', 'b020', 'PURCHASE'),
('20160820', 'b014', 'CART'),
('20170601', 'b027', 'CART'),
('20170107', 'b009', 'CART'),
('20170515', 'b005', 'PURCHASE'),
('20170531', 'b007', 'VIEW'),
('20171227', 'b011', 'PURCHASE'),
('20160212', 'b008', 'CART'),
('20170613', 'b010', 'CART'),
('20150101', 'b013', 'VIEW'),
('20151214', 'b007', 'PURCHASE'),
('20170811', 'b028', 'VIEW'),
('20150904', 'b023', 'PURCHASE'),
('20150505', 'b024', 'PURCHASE'),
('20150722', 'b005', 'PURCHASE'),
('20160806', 'b006', 'PURCHASE'),
('20170512', 'b010', 'VIEW'),
('20171229', 'b030', 'CART'),
('20150730', 'b010', 'PURCHASE'),
('20150116', 'b030', 'PURCHASE'),
('20151024', 'b013', 'PURCHASE'),
('20150124', 'b019', 'VIEW'),
('20160320', 'b025', 'VIEW'),
('20160212', 'b002', 'PURCHASE'),
('20170308', 'b021', 'PURCHASE'),
('20160728', 'b003', 'CART'),
('20160806', 'b010', 'PURCHASE'),
('20171101', 'b028', 'VIEW'),
('20150313', 'b019', 'CART'),
('20160914', 'b018', 'PURCHASE'),
('20161019', 'b025', 'CART'),
('20160703', 'b001', 'PURCHASE'),
('20150223', 'b010', 'PURCHASE'),
('20170413', 'b012', 'PURCHASE'),
('20160123', 'b030', 'PURCHASE'),
('20160628', 'b026', 'VIEW'),
('20170330', 'b003', 'VIEW'),
('20170206', 'b030', 'VIEW'),
('20171028', 'b029', 'CART'),
('20151021', 'b023', 'VIEW'),
('20170216', 'b001', 'VIEW'),
('20171201', 'b018', 'PURCHASE'),
('20170216', 'b009', 'VIEW'),
('20170530', 'b004', 'CART'),
('20171118', 'b009', 'CART'),
('20170808', 'b008', 'VIEW'),
('20170207', 'b019', 'VIEW'),
('20170720', 'b006', 'CART'),
('20150707', 'b019', 'VIEW'),
('20160922', 'b015', 'VIEW'),
('20160925', 'b003', 'PURCHASE'),
('20161031', 'b020', 'VIEW'),
('20160316', 'b023', 'VIEW'),
('20160815', 'b008', 'VIEW'),
('20171209', 'b016', 'PURCHASE'),
('20151120', 'b007', 'PURCHASE'),
('20150305', 'b015', 'PURCHASE'),
('20160513', 'b005', 'PURCHASE'),
('20170326', 'b019', 'VIEW'),
('20160302', 'b027', 'VIEW'),
('20150124', 'b001', 'VIEW'),
('20171023', 'b026', 'PURCHASE'),
('20150222', 'b013', 'VIEW'),
('20150829', 'b017', 'CART'),
('20151019', 'b013', 'PURCHASE'),
('20170409', 'b027', 'CART'),
('20160722', 'b020', 'CART'),
('20161031', 'b014', 'PURCHASE'),
('20171130', 'b009', 'VIEW'),
('20171212', 'b030', 'PURCHASE'),
('20151122', 'b002', 'PURCHASE'),
('20170318', 'b021', 'VIEW'),
('20150924', 'b010', 'PURCHASE'),
('20150501', 'b013', 'PURCHASE'),
('20151119', 'b017', 'PURCHASE'),
('20170601', 'b014', 'VIEW'),
('20161127', 'b025', 'VIEW'),
('20160915', 'b007', 'VIEW'),
('20150807', 'b019', 'CART'),
('20161118', 'b024', 'PURCHASE'),
('20160531', 'b002', 'VIEW'),
('20160930', 'b028', 'PURCHASE'),
('20150819', 'b006', 'PURCHASE'),
('20160413', 'b016', 'VIEW'),
('20150318', 'b029', 'PURCHASE'),
('20170616', 'b008', 'VIEW'),
('20150914', 'b010', 'VIEW'),
('20150406', 'b019', 'CART'),
('20151227', 'b007', 'PURCHASE'),
('20151010', 'b014', 'CART'),
('20160108', 'b021', 'VIEW'),
('20160322', 'b010', 'CART'),
('20161208', 'b015', 'CART'),
('20160405', 'b027', 'CART'),
('20171127', 'b010', 'CART'),
('20170108', 'b028', 'CART'),
('20170824', 'b020', 'PURCHASE'),
('20150516', 'b014', 'PURCHASE'),
('20160403', 'b028', 'PURCHASE'),
('20151113', 'b026', 'VIEW'),
('20150423', 'b005', 'PURCHASE'),
('20150804', 'b025', 'PURCHASE'),
('20150510', 'b023', 'PURCHASE'),
('20170409', 'b014', 'CART'),
('20160507', 'b020', 'PURCHASE'),
('20160409', 'b030', 'VIEW'),
('20170101', 'b024', 'CART'),
('20170123', 'b020', 'VIEW'),
('20170223', 'b011', 'VIEW'),
('20150915', 'b029', 'VIEW'),
('20150118', 'b027', 'CART'),
('20160507', 'b020', 'VIEW'),
('20170919', 'b006', 'VIEW'),
('20160430', 'b015', 'VIEW'),
('20160802', 'b016', 'CART'),
('20170105', 'b009', 'VIEW'),
('20171003', 'b004', 'PURCHASE'),
('20150817', 'b005', 'PURCHASE'),
('20151028', 'b012', 'CART'),
('20150320', 'b015', 'CART'),
('20170718', 'b012', 'CART'),
('20170412', 'b004', 'VIEW'),
('20170405', 'b002', 'VIEW'),
('20151031', 'b004', 'CART'),
('20151223', 'b011', 'CART'),
('20161106', 'b011', 'CART'),
('20160922', 'b018', 'CART'),
('20160529', 'b012', 'VIEW'),
('20160609', 'b013', 'PURCHASE'),
('20171107', 'b006', 'VIEW'),
('20170409', 'b026', 'CART'),
('20170512', 'b009', 'VIEW'),
('20170316', 'b025', 'VIEW'),
('20150516', 'b013', 'PURCHASE'),
('20150601', 'b024', 'VIEW'),
('20160622', 'b006', 'CART'),
('20170904', 'b023', 'PURCHASE'),
('20160527', 'b005', 'CART'),
('20151230', 'b003', 'PURCHASE'),
('20160926', 'b010', 'PURCHASE'),
('20160803', 'b010', 'VIEW'),
('20161118', 'b004', 'PURCHASE'),
('20160130', 'b001', 'PURCHASE'),
('20160506', 'b009', 'PURCHASE'),
('20161009', 'b006', 'PURCHASE'),
('20160622', 'b026', 'PURCHASE'),
('20151020', 'b020', 'PURCHASE'),
('20160322', 'b027', 'VIEW'),
('20160224', 'b016', 'CART'),
('20150629', 'b009', 'CART'),
('20161125', 'b014', 'VIEW'),
('20160110', 'b023', 'VIEW'),
('20151229', 'b010', 'CART'),
('20160910', 'b021', 'VIEW'),
('20171008', 'b019', 'VIEW'),
('20170717', 'b014', 'PURCHASE'),
('20170428', 'b023', 'PURCHASE'),
('20160127', 'b011', 'CART'),
('20170413', 'b030', 'CART'),
('20150902', 'b016', 'VIEW'),
('20160707', 'b009', 'VIEW'),
('20161028', 'b017', 'PURCHASE'),
('20160821', 'b009', 'CART'),
('20151019', 'b009', 'CART'),
('20161228', 'b027', 'VIEW'),
('20150712', 'b010', 'VIEW'),
('20150824', 'b030', 'PURCHASE'),
('20161228', 'b012', 'CART'),
('20160928', 'b013', 'VIEW'),
('20160415', 'b022', 'PURCHASE'),
('20170612', 'b009', 'PURCHASE'),
('20170214', 'b010', 'CART'),
('20150805', 'b013', 'CART'),
('20170303', 'b023', 'VIEW'),
('20150721', 'b020', 'CART'),
('20160630', 'b011', 'VIEW'),
('20160814', 'b028', 'CART'),
('20170316', 'b018', 'VIEW'),
('20160428', 'b011', 'CART'),
('20170427', 'b022', 'CART'),
('20160826', 'b027', 'VIEW'),
('20170623', 'b030', 'PURCHASE'),
('20170329', 'b021', 'VIEW'),
('20160124', 'b014', 'CART'),
('20170802', 'b023', 'PURCHASE'),
('20160205', 'b014', 'PURCHASE'),
('20160206', 'b022', 'CART'),
('20161202', 'b017', 'VIEW'),
('20170102', 'b004', 'VIEW'),
('20150125', 'b020', 'PURCHASE'),
('20161111', 'b019', 'VIEW'),
('20160517', 'b020', 'CART'),
('20151103', 'b013', 'VIEW'),
('20170624', 'b007', 'CART'),
('20161108', 'b027', 'CART'),
('20160706', 'b030', 'CART'),
('20160227', 'b015', 'VIEW'),
('20150327', 'b007', 'VIEW'),
('20160307', 'b004', 'PURCHASE'),
('20150424', 'b024', 'CART'),
('20160411', 'b014', 'PURCHASE'),
('20150415', 'b030', 'PURCHASE'),
('20160114', 'b009', 'VIEW'),
('20150827', 'b007', 'PURCHASE'),
('20171031', 'b020', 'CART'),
('20161010', 'b003', 'PURCHASE'),
('20160128', 'b024', 'CART'),
('20160506', 'b002', 'PURCHASE'),
('20171105', 'b025', 'CART'),
('20150301', 'b015', 'PURCHASE'),
('20160910', 'b010', 'CART'),
('20161111', 'b029', 'CART'),
('20170729', 'b022', 'CART'),
('20161011', 'b028', 'CART'),
('20150728', 'b014', 'CART'),
('20170802', 'b013', 'PURCHASE'),
('20170510', 'b024', 'PURCHASE'),
('20150712', 'b003', 'VIEW'),
('20150911', 'b004', 'PURCHASE'),
('20150904', 'b019', 'VIEW'),
('20150610', 'b022', 'VIEW'),
('20150812', 'b014', 'CART'),
('20150316', 'b013', 'PURCHASE'),
('20151201', 'b022', 'CART'),
('20151007', 'b027', 'VIEW'),
('20171014', 'b020', 'PURCHASE'),
('20170903', 'b027', 'PURCHASE'),
('20160918', 'b003', 'CART'),
('20150517', 'b017', 'PURCHASE'),
('20170113', 'b008', 'CART'),
('20150116', 'b002', 'VIEW'),
('20160428', 'b030', 'CART'),
('20160818', 'b019', 'CART'),
('20150719', 'b023', 'PURCHASE'),
('20161218', 'b028', 'CART'),
('20160316', 'b024', 'PURCHASE'),
('20150706', 'b015', 'CART'),
('20150324', 'b013', 'CART'),
('20170125', 'b026', 'PURCHASE'),
('20170225', 'b023', 'CART'),
('20150314', 'b016', 'VIEW'),
('20160513', 'b012', 'CART'),
('20150202', 'b014', 'VIEW'),
('20150123', 'b021', 'VIEW'),
('20160418', 'b011', 'CART'),
('20151007', 'b028', 'CART'),
('20161103', 'b013', 'PURCHASE'),
('20171018', 'b016', 'CART'),
('20150426', 'b014', 'CART'),
('20161223', 'b020', 'CART'),
('20150205', 'b016', 'CART'),
('20170425', 'b011', 'VIEW'),
('20150425', 'b019', 'CART'),
('20170415', 'b030', 'CART'),
('20160825', 'b025', 'PURCHASE'),
('20171108', 'b024', 'VIEW'),
('20170823', 'b011', 'CART'),
('20161202', 'b001', 'VIEW'),
('20161016', 'b002', 'PURCHASE'),
('20160725', 'b012', 'PURCHASE'),
('20160602', 'b002', 'VIEW'),
('20150704', 'b011', 'CART'),
('20160825', 'b003', 'VIEW'),
('20170809', 'b022', 'CART'),
('20150407', 'b007', 'CART'),
('20150321', 'b009', 'CART'),
('20160827', 'b005', 'VIEW'),
('20150814', 'b013', 'CART'),
('20160313', 'b007', 'VIEW'),
('20170721', 'b014', 'VIEW'),
('20150811', 'b022', 'CART'),
('20150518', 'b015', 'PURCHASE'),
('20150408', 'b021', 'PURCHASE'),
('20160706', 'b029', 'VIEW'),
('20170424', 'b017', 'PURCHASE'),
('20151229', 'b010', 'PURCHASE'),
('20170219', 'b012', 'CART'),
('20160517', 'b024', 'PURCHASE'),
('20160712', 'b005', 'PURCHASE'),
('20150715', 'b003', 'CART'),
('20160622', 'b007', 'PURCHASE'),
('20170521', 'b012', 'CART'),
('20170105', 'b017', 'VIEW'),
('20160731', 'b003', 'PURCHASE'),
('20161003', 'b008', 'CART'),
('20150124', 'b025', 'VIEW'),
('20160626', 'b017', 'CART'),
('20170602', 'b003', 'CART'),
('20160121', 'b004', 'PURCHASE'),
('20170601', 'b026', 'CART'),
('20171110', 'b023', 'CART'),
('20160107', 'b030', 'CART'),
('20160923', 'b004', 'PURCHASE'),
('20170302', 'b009', 'VIEW'),
('20160513', 'b024', 'VIEW'),
('20170510', 'b020', 'CART'),
('20151202', 'b005', 'VIEW'),
('20170223', 'b029', 'CART'),
('20150305', 'b028', 'PURCHASE'),
('20150131', 'b008', 'CART'),
('20150531', 'b023', 'VIEW'),
('20160913', 'b004', 'CART'),
('20150114', 'b025', 'VIEW'),
('20150515', 'b008', 'PURCHASE');

INSERT INTO Rating (bid, score) VALUES
('b001', 4);

INSERT INTO Review (bid, comment, date) VALUES
('b001', 'good', '12202015');

INSERT INTO Administrator (username, password) VALUES
('Admin', '1234567890');
